{
  "_fv": 24,
  "_type": "tool",
  "definition": {
    "renderType": 0,
    "texture": "goodsword",
    "customModelName": "Normal",
    "name": "Godsword",
    "specialInfo": [
      "Shoots lightning at target"
    ],
    "creativeTab": {
      "value": "COMBAT"
    },
    "toolType": "Sword",
    "harvestLevel": 1,
    "efficiency": 3.0,
    "attackSpeed": 69.0,
    "enchantability": 2,
    "damageVsEntity": 8.0,
    "usageCount": 100,
    "blocksAffected": [],
    "hasGlow": false,
    "repairItems": [],
    "immuneToFire": true,
    "stayInGridWhenCrafting": false,
    "damageOnCrafting": false
  }
}