{
  "_fv": 24,
  "_type": "food",
  "definition": {
    "renderType": 0,
    "texture": "pink_and_blue_thing",
    "customModelName": "Normal",
    "name": "Yummyfood",
    "rarity": "EPIC",
    "specialInfo": [],
    "creativeTab": {
      "value": "FOOD"
    },
    "stackSize": 64,
    "nutritionalValue": 1000,
    "saturation": 1000.0,
    "eatingSpeed": 32,
    "resultItem": {
      "value": ""
    },
    "forDogs": false,
    "isAlwaysEdible": false,
    "animation": "eat",
    "hasGlow": false,
    "onEaten": {
      "name": "YummyfoodFoodEateneffect"
    }
  }
}